category,concept_id,fi,score,lookback
Activity limitation,4053246,efi,1,1
Activity limitation,4052648,efi,1,1
Activity limitation,4059770,efi,1,1
Activity limitation,4167605,efi,1,1
Activity limitation,44802445,efi,1,1
Anaemia and haematinic deficiency,4029669,efi,1,1
Anaemia and haematinic deficiency,437247,efi,1,1
Anaemia and haematinic deficiency,22281,efi,1,1
Anaemia and haematinic deficiency,4101280,efi,1,1
Anaemia and haematinic deficiency,4122926,efi,1,1
Anaemia and haematinic deficiency,44810002,efi,1,1
Anaemia and haematinic deficiency,4002495,efi,1,1
Anaemia and haematinic deficiency,4121110,efi,1,1
Anaemia and haematinic deficiency,443961,efi,1,1
Anaemia and haematinic deficiency,4276524,efi,1,1
Anaemia and haematinic deficiency,44806268,efi,1,1
Anaemia and haematinic deficiency,4297537,efi,1,1
Anaemia and haematinic deficiency,4058711,efi,1,1
Anaemia and haematinic deficiency,40302038,efi,1,1
Anaemia and haematinic deficiency,4132431,efi,1,1
Anaemia and haematinic deficiency,4280354,efi,1,1
Anaemia and haematinic deficiency,4173028,efi,1,1
Anaemia and haematinic deficiency,4100822,efi,1,1
Anaemia and haematinic deficiency,4146087,efi,1,1
Anaemia and haematinic deficiency,4146088,efi,1,1
Anaemia and haematinic deficiency,4143351,efi,1,1
Anaemia and haematinic deficiency,4146086,efi,1,1
Anaemia and haematinic deficiency,37393847,efi,1,1
Anaemia and haematinic deficiency,4061927,efi,1,1
Anaemia and haematinic deficiency,435789,efi,1,1
Anaemia and haematinic deficiency,4122928,efi,1,1
Anaemia and haematinic deficiency,4098008,efi,1,1
Anaemia and haematinic deficiency,4098009,efi,1,1
Anaemia and haematinic deficiency,4003186,efi,1,1
Anaemia and haematinic deficiency,4101001,efi,1,1
Anaemia and haematinic deficiency,40389961,efi,1,1
Anaemia and haematinic deficiency,4228194,efi,1,1
Anaemia and haematinic deficiency,4098627,efi,1,1
Anaemia and haematinic deficiency,436659,efi,1,1
Anaemia and haematinic deficiency,40389977,efi,1,1
Anaemia and haematinic deficiency,40351340,efi,1,1
Anaemia and haematinic deficiency,441269,efi,1,1
Anaemia and haematinic deficiency,432588,efi,1,1
Anaemia and haematinic deficiency,4122079,efi,1,1
Anaemia and haematinic deficiency,434616,efi,1,1
Anaemia and haematinic deficiency,137829,efi,1,1
Anaemia and haematinic deficiency,26942,efi,1,1
Anaemia and haematinic deficiency,4125493,efi,1,1
Anaemia and haematinic deficiency,40332688,efi,1,1
Anaemia and haematinic deficiency,40390034,efi,1,1
Anaemia and haematinic deficiency,4143050,efi,1,1
Anaemia and haematinic deficiency,4146936,efi,1,1
Anaemia and haematinic deficiency,138723,efi,1,1
Anaemia and haematinic deficiency,4218100,efi,1,1
Anaemia and haematinic deficiency,437834,efi,1,1
Anaemia and haematinic deficiency,4213893,efi,1,1
Anaemia and haematinic deficiency,435503,efi,1,1
Anaemia and haematinic deficiency,441258,efi,1,1
Anaemia and haematinic deficiency,40390451,efi,1,1
Anaemia and haematinic deficiency,4101458,efi,1,1
Anaemia and haematinic deficiency,4147491,efi,1,1
Anaemia and haematinic deficiency,4101583,efi,1,1
Anaemia and haematinic deficiency,4120448,efi,1,1
Anaemia and haematinic deficiency,4160887,efi,1,1
Anaemia and haematinic deficiency,438722,efi,1,1
Anaemia and haematinic deficiency,4121106,efi,1,1
Anaemia and haematinic deficiency,40351339,efi,1,1
Anaemia and haematinic deficiency,4125491,efi,1,1
Anaemia and haematinic deficiency,4122927,efi,1,1
Anaemia and haematinic deficiency,40302037,efi,1,1
Anaemia and haematinic deficiency,4098019,efi,1,1
Anaemia and haematinic deficiency,4100987,efi,1,1
Anaemia and haematinic deficiency,40302035,efi,1,1
Anaemia and haematinic deficiency,30978,efi,1,1
Anaemia and haematinic deficiency,4077222,efi,1,1
Anaemia and haematinic deficiency,440979,efi,1,1
Anaemia and haematinic deficiency,40389960,efi,1,1
Anaemia and haematinic deficiency,4184758,efi,1,1
Anaemia and haematinic deficiency,4300295,efi,1,1
Anaemia and haematinic deficiency,432282,efi,1,1
Anaemia and haematinic deficiency,3542412,efi,1,1
Anaemia and haematinic deficiency,444289,efi,1,1
Anaemia and haematinic deficiency,40389983,efi,1,1
Anaemia and haematinic deficiency,40390437,efi,1,1
Anaemia and haematinic deficiency,4150547,efi,1,1
Anaemia and haematinic deficiency,4219853,efi,1,1
Anaemia and haematinic deficiency,4003185,efi,1,1
Anaemia and haematinic deficiency,44789939,efi,1,1
Anaemia and haematinic deficiency,44789940,efi,1,1
Anaemia and haematinic deficiency,40390003,efi,1,1
Anaemia and haematinic deficiency,4198185,efi,1,1
Anaemia and haematinic deficiency,4099508,efi,1,1
Anaemia and haematinic deficiency,4098753,efi,1,1
Anaemia and haematinic deficiency,140681,efi,1,1
Anaemia and haematinic deficiency,4101578,efi,1,1
Anaemia and haematinic deficiency,4153000,efi,1,1
Anaemia and haematinic deficiency,3530067,efi,1,1
Anaemia and haematinic deficiency,4098018,efi,1,1
Anaemia and haematinic deficiency,440977,efi,1,1
Anaemia and haematinic deficiency,4198102,efi,1,1
Anaemia and haematinic deficiency,432295,efi,1,1
Anaemia and haematinic deficiency,4101582,efi,1,1
Anaemia and haematinic deficiency,4098027,efi,1,1
Anaemia and haematinic deficiency,4100998,efi,1,1
Anaemia and haematinic deficiency,4114026,efi,1,1
Anaemia and haematinic deficiency,30683,efi,1,1
Anaemia and haematinic deficiency,4122924,efi,1,1
Anaemia and haematinic deficiency,4101584,efi,1,1
Anaemia and haematinic deficiency,4101000,efi,1,1
Anaemia and haematinic deficiency,4029670,efi,1,1
Anaemia and haematinic deficiency,4098145,efi,1,1
Anaemia and haematinic deficiency,4262948,efi,1,1
Anaemia and haematinic deficiency,434622,efi,1,1
Anaemia and haematinic deficiency,439777,efi,1,1
Anaemia and haematinic deficiency,4306430,efi,1,1
Anaemia and haematinic deficiency,4306582,efi,1,1
Anaemia and haematinic deficiency,40389974,efi,1,1
Anaemia and haematinic deficiency,140065,efi,1,1
Anaemia and haematinic deficiency,40479193,efi,1,1
Anaemia and haematinic deficiency,4100985,efi,1,1
Anaemia and haematinic deficiency,4077348,efi,1,1
Anaemia and haematinic deficiency,432875,efi,1,1
Anaemia and haematinic deficiency,40302036,efi,1,1
Anaemia and haematinic deficiency,4098740,efi,1,1
Anaemia and haematinic deficiency,436083,efi,1,1
Anaemia and haematinic deficiency,40389959,efi,1,1
Anaemia and haematinic deficiency,440218,efi,1,1
Anaemia and haematinic deficiency,4120450,efi,1,1
Anaemia and haematinic deficiency,4059188,efi,1,1
Anaemia and haematinic deficiency,4028718,efi,1,1
Anaemia and haematinic deficiency,4121109,efi,1,1
Anaemia and haematinic deficiency,4059187,efi,1,1
Anaemia and haematinic deficiency,434894,efi,1,1
Anaemia and haematinic deficiency,4146771,efi,1,1
Anaemia and haematinic deficiency,4098754,efi,1,1
Anaemia and haematinic deficiency,4231887,efi,1,1
Anaemia and haematinic deficiency,136949,efi,1,1
Anaemia and haematinic deficiency,4098760,efi,1,1
Anaemia and haematinic deficiency,40390425,efi,1,1
Anaemia and haematinic deficiency,4308125,efi,1,1
Anaemia and haematinic deficiency,4035316,efi,1,1
Anaemia and haematinic deficiency,40390408,efi,1,1
Anaemia and haematinic deficiency,4116343,efi,1,1
Anaemia and haematinic deficiency,40390052,efi,1,1
Anaemia and haematinic deficiency,4098017,efi,1,1
Arthritis,4058913,efi,1,3
Arthritis,4114439,efi,1,3
Arthritis,4116153,efi,1,3
Arthritis,4056705,efi,1,3
Arthritis,4114442,efi,1,3
Arthritis,4114441,efi,1,3
Arthritis,4116446,efi,1,3
Arthritis,72405,efi,1,3
Arthritis,4116149,efi,1,3
Arthritis,4035439,efi,1,3
Arthritis,74892,efi,1,3
Arthritis,4035427,efi,1,3
Arthritis,4286642,efi,1,3
Arthritis,40333249,efi,1,3
Arthritis,4145255,efi,1,3
Arthritis,4096347,efi,1,3
Arthritis,4101113,efi,1,3
Arthritis,4116444,efi,1,3
Arthritis,40263189,efi,1,3
Arthritis,4116445,efi,1,3
Arthritis,4200987,efi,1,3
Arthritis,4150319,efi,1,3
Arthritis,78230,efi,1,3
Arthritis,4116441,efi,1,3
Arthritis,4116439,efi,1,3
Arthritis,4079526,efi,1,3
Arthritis,4117686,efi,1,3
Arthritis,78227,efi,1,3
Arthritis,44794809,efi,1,3
Arthritis,4116142,efi,1,3
Arthritis,74125,efi,1,3
Arthritis,4116150,efi,1,3
Arthritis,4083556,efi,1,3
Arthritis,4077228,efi,1,3
Arthritis,4115161,efi,1,3
Arthritis,40302155,efi,1,3
Arthritis,4079749,efi,1,3
Arthritis,4117687,efi,1,3
Arthritis,4114444,efi,1,3
Arthritis,40357627,efi,1,3
Arthritis,40403943,efi,1,3
Arthritis,4138870,efi,1,3
Arthritis,80809,efi,1,3
Arthritis,4035611,efi,1,3
Arthritis,4201228,efi,1,3
Arthritis,4116152,efi,1,3
Arthritis,4058299,efi,1,3
Arthritis,4116151,efi,1,3
Arthritis,4147418,efi,1,3
Arthritis,4179378,efi,1,3
Arthritis,440674,efi,1,3
Arthritis,4227449,efi,1,3
Arthritis,40302156,efi,1,3
Arthritis,4078547,efi,1,3
Arthritis,4114440,efi,1,3
Arthritis,75617,efi,1,3
Arthritis,437082,efi,1,3
Arthritis,73553,efi,1,3
Arthritis,4078299,efi,1,3
Arthritis,4079750,efi,1,3
Arthritis,40400725,efi,1,3
Arthritis,4153359,efi,1,3
Arthritis,4060067,efi,1,3
Arthritis,4116442,efi,1,3
Arthritis,4167092,efi,1,3
Arthritis,4116443,efi,1,3
Arthritis,4291025,efi,1,3
Arthritis,40302157,efi,1,3
Arthritis,4116451,efi,1,3
Arthritis,80180,efi,1,3
Arthritis,40481048,efi,1,3
Arthritis,4116440,efi,1,3
Arthritis,4159739,efi,1,3
Atrial fibrillation,4117112,efi,1,1
Atrial fibrillation,44803652,efi,1,1
Atrial fibrillation,4119601,efi,1,1
Atrial fibrillation,4232697,efi,1,1
Atrial fibrillation,44790918,efi,1,1
Atrial fibrillation,44803909,efi,1,1
Atrial fibrillation,313217,efi,1,1
Atrial fibrillation,35609719,efi,1,1
Atrial fibrillation,4061098,efi,1,1
Atrial fibrillation,42536433,efi,1,1
Atrial fibrillation,40345197,efi,1,1
Atrial fibrillation,4229700,efi,1,1
Atrial fibrillation,4199501,efi,1,1
Atrial fibrillation,44803842,efi,1,1
Atrial fibrillation,4065288,efi,1,1
Atrial fibrillation,4232691,efi,1,1
Atrial fibrillation,44792469,efi,1,1
Atrial fibrillation,4047554,efi,1,1
Atrial fibrillation,40302105,efi,1,1
Atrial fibrillation,4020234,efi,1,1
Atrial fibrillation,314665,efi,1,1
Atrial fibrillation,4154290,efi,1,1
Atrial fibrillation,4108832,efi,1,1
Atrial fibrillation,4064452,efi,1,1
Atrial fibrillation,4194288,efi,1,1
Atrial fibrillation,4119602,efi,1,1
Atrial fibrillation,44806840,efi,1,1
Atrial fibrillation,35621770,efi,1,1
Atrial fibrillation,40333200,efi,1,1
Cerebrovascular disease,4136455,efi,1,3
Cerebrovascular disease,4111709,efi,1,3
Cerebrovascular disease,4017107,efi,1,3
Cerebrovascular disease,4090122,efi,1,3
Cerebrovascular disease,4143575,efi,1,3
Cerebrovascular disease,40345206,efi,1,3
Cerebrovascular disease,442615,efi,1,3
Cerebrovascular disease,4136546,efi,1,3
Cerebrovascular disease,4046093,efi,1,3
Cerebrovascular disease,4015738,efi,1,3
Cerebrovascular disease,4079008,efi,1,3
Cerebrovascular disease,40392729,efi,1,3
Cerebrovascular disease,40392702,efi,1,3
Cerebrovascular disease,40345207,efi,1,3
Cerebrovascular disease,373503,efi,1,3
Cerebrovascular disease,4196275,efi,1,3
Cerebrovascular disease,4112022,efi,1,3
Cerebrovascular disease,4212690,efi,1,3
Cerebrovascular disease,42872427,efi,1,3
Cerebrovascular disease,4045755,efi,1,3
Cerebrovascular disease,4215086,efi,1,3
Cerebrovascular disease,44810067,efi,1,3
Cerebrovascular disease,4217246,efi,1,3
Cerebrovascular disease,4006976,efi,1,3
Cerebrovascular disease,435959,efi,1,3
Cerebrovascular disease,4097325,efi,1,3
Cerebrovascular disease,4046363,efi,1,3
Cerebrovascular disease,4058289,efi,1,3
Cerebrovascular disease,4134162,efi,1,3
Cerebrovascular disease,42873157,efi,1,3
Cerebrovascular disease,44803688,efi,1,3
Cerebrovascular disease,316437,efi,1,3
Cerebrovascular disease,376713,efi,1,3
Cerebrovascular disease,4014781,efi,1,3
Cerebrovascular disease,4077982,efi,1,3
Cerebrovascular disease,40358268,efi,1,3
Cerebrovascular disease,4111711,efi,1,3
Cerebrovascular disease,434056,efi,1,3
Cerebrovascular disease,44803773,efi,1,3
Cerebrovascular disease,44813770,efi,1,3
Cerebrovascular disease,4145413,efi,1,3
Cerebrovascular disease,4106058,efi,1,3
Cerebrovascular disease,44790196,efi,1,3
Cerebrovascular disease,441874,efi,1,3
Cerebrovascular disease,4215836,efi,1,3
Cerebrovascular disease,4111710,efi,1,3
Cerebrovascular disease,4338523,efi,1,3
Cerebrovascular disease,4045747,efi,1,3
Cerebrovascular disease,4046358,efi,1,3
Cerebrovascular disease,44783213,efi,1,3
Cerebrovascular disease,4217709,efi,1,3
Cerebrovascular disease,4214819,efi,1,3
Cerebrovascular disease,4045748,efi,1,3
Cerebrovascular disease,4045734,efi,1,3
Cerebrovascular disease,40302097,efi,1,3
Cerebrovascular disease,4112021,efi,1,3
Cerebrovascular disease,44788885,efi,1,3
Cerebrovascular disease,44787895,efi,1,3
Cerebrovascular disease,381316,efi,1,3
Cerebrovascular disease,40302092,efi,1,3
Cerebrovascular disease,4046362,efi,1,3
Cerebrovascular disease,40332745,efi,1,3
Cerebrovascular disease,4046359,efi,1,3
Cerebrovascular disease,40332758,efi,1,3
Cerebrovascular disease,381591,efi,1,3
Cerebrovascular disease,42873122,efi,1,3
Cerebrovascular disease,4046360,efi,1,3
Cerebrovascular disease,372924,efi,1,3
Cerebrovascular disease,4137423,efi,1,3
Cerebrovascular disease,40302102,efi,1,3
Cerebrovascular disease,4180770,efi,1,3
Cerebrovascular disease,4267859,efi,1,3
Cerebrovascular disease,4136755,efi,1,3
Cerebrovascular disease,44801726,efi,1,3
Cerebrovascular disease,4143576,efi,1,3
Cerebrovascular disease,374055,efi,1,3
Cerebrovascular disease,44801895,efi,1,3
Cerebrovascular disease,40367461,efi,1,3
Chronic kidney disease,37399120,efi,1,3
Chronic kidney disease,37392374,efi,1,3
Chronic kidney disease,37392915,efi,1,3
Chronic kidney disease,443731,efi,1,3
Chronic kidney disease,44791021,efi,1,3
Chronic kidney disease,37393926,efi,1,3
Chronic kidney disease,44792252,efi,1,3
Chronic kidney disease,198185,efi,1,3
Chronic kidney disease,37398786,efi,1,3
Chronic kidney disease,37394227,efi,1,3
Chronic kidney disease,37394367,efi,1,3
Chronic kidney disease,4295011,efi,1,3
Chronic kidney disease,45763854,efi,1,3
Chronic kidney disease,45763855,efi,1,3
Chronic kidney disease,3543812,efi,1,3
Chronic kidney disease,4221487,efi,1,3
Chronic kidney disease,44792249,efi,1,3
Chronic kidney disease,44803801,efi,1,3
Chronic kidney disease,44803834,efi,1,3
Chronic kidney disease,44792250,efi,1,3
Chronic kidney disease,200687,efi,1,3
Chronic kidney disease,193782,efi,1,3
Chronic kidney disease,44792255,efi,1,3
Chronic kidney disease,42537890,efi,1,3
Chronic kidney disease,443611,efi,1,3
Chronic kidney disease,4099216,efi,1,3
Chronic kidney disease,443612,efi,1,3
Chronic kidney disease,443597,efi,1,3
Chronic kidney disease,75650,efi,1,3
Chronic kidney disease,40395140,efi,1,3
Chronic kidney disease,44792232,efi,1,3
Chronic kidney disease,192279,efi,1,3
Chronic kidney disease,4030664,efi,1,3
Chronic kidney disease,44792251,efi,1,3
Chronic kidney disease,44792253,efi,1,3
Chronic kidney disease,44792254,efi,1,3
Chronic kidney disease,4222553,efi,1,3
Chronic kidney disease,4222687,efi,1,3
Chronic kidney disease,4041883,efi,1,3
Chronic kidney disease,4128221,efi,1,3
Chronic kidney disease,4213477,efi,1,3
Chronic kidney disease,44792230,efi,1,3
Chronic kidney disease,44792231,efi,1,3
Chronic kidney disease,3551089,efi,1,3
Chronic kidney disease,46271022,efi,1,3
Chronic kidney disease,43021961,efi,1,3
Chronic kidney disease,4223739,efi,1,3
Diabetes,44803689,efi,1,3
Diabetes,3522925,efi,1,3
Diabetes,44793113,efi,1,3
Diabetes,4223739,efi,1,3
Diabetes,4208076,efi,1,3
Diabetes,4226121,efi,1,3
Diabetes,443731,efi,1,3
Diabetes,4295011,efi,1,3
Diabetes,439770,efi,1,3
Diabetes,4128221,efi,1,3
Diabetes,201820,efi,1,3
Diabetes,443727,efi,1,3
Diabetes,376112,efi,1,3
Diabetes,3551089,efi,1,3
Diabetes,321822,efi,1,3
Diabetes,44790887,efi,1,3
Diabetes,200687,efi,1,3
Diabetes,4219845,efi,1,3
Diabetes,4196141,efi,1,3
Diabetes,4222687,efi,1,3
Diabetes,4224709,efi,1,3
Diabetes,4105016,efi,1,3
Diabetes,4269024,efi,1,3
Diabetes,4198296,efi,1,3
Diabetes,201826,efi,1,3
Diabetes,4228112,efi,1,3
Diabetes,4190441,efi,1,3
Diabetes,4043582,efi,1,3
Diabetes,4105639,efi,1,3
Diabetes,4306250,efi,1,3
Diabetes,4200875,efi,1,3
Diabetes,4151281,efi,1,3
Diabetes,4174977,efi,1,3
Diabetes,4016901,efi,1,3
Diabetes,4225656,efi,1,3
Diabetes,4044391,efi,1,3
Diabetes,44792868,efi,1,3
Diabetes,36714116,efi,1,3
Diabetes,443767,efi,1,3
Diabetes,3572832,efi,1,3
Diabetes,443238,efi,1,3
Diabetes,4130164,efi,1,3
Diabetes,380097,efi,1,3
Diabetes,42537120,efi,1,3
Diabetes,4222553,efi,1,3
Diabetes,3572199,efi,1,3
Diabetes,192279,efi,1,3
Diabetes,42538169,efi,1,3
Diabetes,378743,efi,1,3
Diabetes,4295036,efi,1,3
Diabetes,37018728,efi,1,3
Diabetes,3569043,efi,1,3
Diabetes,37017431,efi,1,3
Diabetes,4191611,efi,1,3
Diabetes,40482801,efi,1,3
Diabetes,376979,efi,1,3
Diabetes,44805212,efi,1,3
Diabetes,4046332,efi,1,3
Diabetes,4226238,efi,1,3
Diabetes,4224254,efi,1,3
Diabetes,4130162,efi,1,3
Diabetes,443730,efi,1,3
Diabetes,37017429,efi,1,3
Diabetes,376114,efi,1,3
Diabetes,43021174,efi,1,3
Diabetes,40484648,efi,1,3
Diabetes,4048028,efi,1,3
Diabetes,4095288,efi,1,3
Diabetes,4099214,efi,1,3
Diabetes,40350836,efi,1,3
Diabetes,3543931,efi,1,3
Diabetes,4146454,efi,1,3
Diabetes,4263090,efi,1,3
Diabetes,37017432,efi,1,3
Diabetes,4235410,efi,1,3
Diabetes,4099653,efi,1,3
Diabetes,4008576,efi,1,3
Diabetes,4054812,efi,1,3
Diabetes,4276582,efi,1,3
Diabetes,4222415,efi,1,3
Diabetes,4235255,efi,1,3
Diabetes,4096668,efi,1,3
Diabetes,4223303,efi,1,3
Diabetes,4130166,efi,1,3
Diabetes,4090231,efi,1,3
Diabetes,4030664,efi,1,3
Diabetes,443733,efi,1,3
Diabetes,40386354,efi,1,3
Diabetes,4228443,efi,1,3
Diabetes,4223463,efi,1,3
Diabetes,4016050,efi,1,3
Diabetes,4099217,efi,1,3
Diabetes,4226354,efi,1,3
Diabetes,3573862,efi,1,3
Diabetes,40391611,efi,1,3
Diabetes,4227210,efi,1,3
Diabetes,40350831,efi,1,3
Diabetes,4225055,efi,1,3
Diabetes,4145827,efi,1,3
Diabetes,377552,efi,1,3
Diabetes,43021173,efi,1,3
Diabetes,4221487,efi,1,3
Diabetes,377821,efi,1,3
Diabetes,43531640,efi,1,3
Diabetes,4096041,efi,1,3
Diabetes,4063569,efi,1,3
Diabetes,4221495,efi,1,3
Diabetes,4235256,efi,1,3
Diabetes,4255401,efi,1,3
Diabetes,4047556,efi,1,3
Diabetes,4099651,efi,1,3
Diabetes,45769830,efi,1,3
Diabetes,4016904,efi,1,3
Diabetes,4256630,efi,1,3
Diabetes,4255392,efi,1,3
Diabetes,376683,efi,1,3
Diabetes,40386745,efi,1,3
Diabetes,40386739,efi,1,3
Diabetes,44803836,efi,1,3
Diabetes,4086751,efi,1,3
Diabetes,4255400,efi,1,3
Diabetes,4221344,efi,1,3
Diabetes,4255399,efi,1,3
Diabetes,3522479,efi,1,3
Diabetes,4334884,efi,1,3
Diabetes,4101892,efi,1,3
Diabetes,443734,efi,1,3
Diabetes,443412,efi,1,3
Diabetes,44803911,efi,1,3
Diabetes,443735,efi,1,3
Diabetes,4193704,efi,1,3
Diabetes,442793,efi,1,3
Diabetes,201254,efi,1,3
Diabetes,4099215,efi,1,3
Diabetes,4017048,efi,1,3
Diabetes,44788733,efi,1,3
Diabetes,4222876,efi,1,3
Diabetes,4175440,efi,1,3
Diabetes,37110165,efi,1,3
Diabetes,440922,efi,1,3
Diabetes,376065,efi,1,3
Diabetes,4236285,efi,1,3
Diabetes,40350837,efi,1,3
Diabetes,4016042,efi,1,3
Diabetes,4099216,efi,1,3
Diabetes,43531563,efi,1,3
Dizziness,4077223,efi,1,1
Dizziness,4079560,efi,1,1
Dizziness,78162,efi,1,1
Dizziness,4012520,efi,1,1
Dizziness,4335747,efi,1,1
Dizziness,4198449,efi,1,1
Dizziness,81303,efi,1,1
Dizziness,4077983,efi,1,1
Dizziness,4141386,efi,1,1
Dizziness,4223938,efi,1,1
Dizziness,40302079,efi,1,1
Dizziness,4194391,efi,1,1
Dizziness,4337454,efi,1,1
Dizziness,79833,efi,1,1
Dizziness,4111253,efi,1,1
Dizziness,81878,efi,1,1
Dizziness,4335745,efi,1,1
Dizziness,4319017,efi,1,1
Dizziness,433316,efi,1,1
Dizziness,439383,efi,1,1
Dizziness,4196201,efi,1,1
Dizziness,4147179,efi,1,1
Dizziness,40332732,efi,1,1
Dizziness,4335746,efi,1,1
Dizziness,4111254,efi,1,1
Dizziness,4224944,efi,1,1
Dyspnoea,4041664,efi,1,1
Dyspnoea,4059022,efi,1,1
Dyspnoea,4060439,efi,1,1
Dyspnoea,4060052,efi,1,1
Dyspnoea,4310172,efi,1,1
Dyspnoea,4263848,efi,1,1
Dyspnoea,4059021,efi,1,1
Dyspnoea,312437,efi,1,1
Falls,4184243,efi,1,1
Falls,4087528,efi,1,1
Falls,4059015,efi,1,1
Falls,44790998,efi,1,1
Falls,4310026,efi,1,1
Falls,437175,efi,1,1
Falls,435991,efi,1,1
Falls,4185197,efi,1,1
Falls,44791740,efi,1,1
Falls,44791368,efi,1,1
Foot problems,4143127,efi,1,1
Foot problems,4168775,efi,1,1
Foot problems,4067069,efi,1,1
Foot problems,4126101,efi,1,1
Foot problems,137063,efi,1,1
Foot problems,4136647,efi,1,1
Foot problems,4064062,efi,1,1
Foot problems,4085778,efi,1,1
Foot problems,4053100,efi,1,1
Fragility fracture,4047787,efi,1,3
Fragility fracture,4170313,efi,1,3
Fragility fracture,438269,efi,1,3
Fragility fracture,4343558,efi,1,3
Fragility fracture,40262821,efi,1,3
Fragility fracture,4017669,efi,1,3
Fragility fracture,4188615,efi,1,3
Fragility fracture,4347301,efi,1,3
Fragility fracture,4013597,efi,1,3
Fragility fracture,4049285,efi,1,3
Fragility fracture,40480160,efi,1,3
Fragility fracture,4015496,efi,1,3
Fragility fracture,4278672,efi,1,3
Fragility fracture,4015081,efi,1,3
Fragility fracture,4013155,efi,1,3
Fragility fracture,434500,efi,1,3
Fragility fracture,4012285,efi,1,3
Fragility fracture,4075914,efi,1,3
Fragility fracture,4134322,efi,1,3
Fragility fracture,4307182,efi,1,3
Fragility fracture,4199800,efi,1,3
Fragility fracture,4211987,efi,1,3
Fragility fracture,4079102,efi,1,3
Fragility fracture,4015764,efi,1,3
Fragility fracture,4010070,efi,1,3
Fragility fracture,4013612,efi,1,3
Fragility fracture,4138277,efi,1,3
Fragility fracture,437993,efi,1,3
Fragility fracture,4013747,efi,1,3
Fragility fracture,435950,efi,1,3
Fragility fracture,4009286,efi,1,3
Fragility fracture,4222001,efi,1,3
Fragility fracture,40557748,efi,1,3
Fragility fracture,433856,efi,1,3
Fragility fracture,4209549,efi,1,3
Fragility fracture,4187096,efi,1,3
Fragility fracture,4008356,efi,1,3
Fragility fracture,4018351,efi,1,3
Fragility fracture,40407445,efi,1,3
Fragility fracture,4343342,efi,1,3
Fragility fracture,442560,efi,1,3
Fragility fracture,4193154,efi,1,3
Fragility fracture,4013613,efi,1,3
Fragility fracture,4013596,efi,1,3
Fragility fracture,4008510,efi,1,3
Fragility fracture,4133012,efi,1,3
Fragility fracture,40562306,efi,1,3
Fragility fracture,4103168,efi,1,3
Fragility fracture,4199545,efi,1,3
Fragility fracture,4015976,efi,1,3
Fragility fracture,4013601,efi,1,3
Fragility fracture,4209104,efi,1,3
Fragility fracture,136834,efi,1,3
Fragility fracture,4009606,efi,1,3
Fragility fracture,4192270,efi,1,3
Fragility fracture,4009607,efi,1,3
Fragility fracture,4013158,efi,1,3
Fragility fracture,4085250,efi,1,3
Fragility fracture,4015503,efi,1,3
Fragility fracture,4346399,efi,1,3
Fragility fracture,439946,efi,1,3
Fragility fracture,442598,efi,1,3
Fragility fracture,437703,efi,1,3
Fragility fracture,4011657,efi,1,3
Fragility fracture,437402,efi,1,3
Fragility fracture,40408569,efi,1,3
Fragility fracture,4149547,efi,1,3
Fragility fracture,73571,efi,1,3
Fragility fracture,4194599,efi,1,3
Fragility fracture,4012433,efi,1,3
Fragility fracture,4083822,efi,1,3
Fragility fracture,4195932,efi,1,3
Fragility fracture,4008220,efi,1,3
Fragility fracture,40562308,efi,1,3
Fragility fracture,40557749,efi,1,3
Fragility fracture,4083820,efi,1,3
Fragility fracture,4151707,efi,1,3
Fragility fracture,4174520,efi,1,3
Fragility fracture,4167913,efi,1,3
Fragility fracture,4079114,efi,1,3
Fragility fracture,4076334,efi,1,3
Fragility fracture,4015981,efi,1,3
Fragility fracture,4346396,efi,1,3
Fragility fracture,440863,efi,1,3
Fragility fracture,4001458,efi,1,3
Fragility fracture,44791986,efi,1,3
Fragility fracture,4144784,efi,1,3
Fragility fracture,4343476,efi,1,3
Fragility fracture,434493,efi,1,3
Fragility fracture,40399864,efi,1,3
Fragility fracture,4015501,efi,1,3
Fragility fracture,4046019,efi,1,3
Fragility fracture,4207924,efi,1,3
Fragility fracture,4013604,efi,1,3
Fragility fracture,4013605,efi,1,3
Fragility fracture,195948,efi,1,3
Fragility fracture,4085890,efi,1,3
Fragility fracture,4076202,efi,1,3
Fragility fracture,4144424,efi,1,3
Fragility fracture,4085377,efi,1,3
Fragility fracture,40262909,efi,1,3
Fragility fracture,40407398,efi,1,3
Fragility fracture,436248,efi,1,3
Fragility fracture,4077624,efi,1,3
Fragility fracture,4015495,efi,1,3
Fragility fracture,4012436,efi,1,3
Fragility fracture,4015494,efi,1,3
Fragility fracture,4131595,efi,1,3
Fragility fracture,4015502,efi,1,3
Fragility fracture,4210556,efi,1,3
Fragility fracture,40407425,efi,1,3
Fragility fracture,4009296,efi,1,3
Fragility fracture,4079100,efi,1,3
Fragility fracture,4346398,efi,1,3
Fragility fracture,4053828,efi,1,3
Fragility fracture,4085898,efi,1,3
Fragility fracture,4307813,efi,1,3
Fragility fracture,4167914,efi,1,3
Fragility fracture,40408241,efi,1,3
Fragility fracture,4150726,efi,1,3
Fragility fracture,4069525,efi,1,3
Fragility fracture,40557750,efi,1,3
Fragility fracture,434767,efi,1,3
Fragility fracture,4085893,efi,1,3
Fragility fracture,4010376,efi,1,3
Fragility fracture,4135747,efi,1,3
Fragility fracture,40562307,efi,1,3
Fragility fracture,4015979,efi,1,3
Fragility fracture,4169989,efi,1,3
Fragility fracture,4164228,efi,1,3
Fragility fracture,4135748,efi,1,3
Fragility fracture,4136840,efi,1,3
Fragility fracture,46270903,efi,1,3
Fragility fracture,4129394,efi,1,3
Fragility fracture,4173672,efi,1,3
Fragility fracture,4136839,efi,1,3
Fragility fracture,4159841,efi,1,3
Fragility fracture,4138301,efi,1,3
Fragility fracture,4138412,efi,1,3
Fragility fracture,4009610,efi,1,3
Fragility fracture,4343341,efi,1,3
Fragility fracture,4343557,efi,1,3
Fragility fracture,440538,efi,1,3
Fragility fracture,4206888,efi,1,3
Fragility fracture,40408550,efi,1,3
Hearing impairment,40323042,efi,1,1
Hearing impairment,4246497,efi,1,1
Hearing impairment,40326951,efi,1,1
Hearing impairment,381312,efi,1,1
Hearing impairment,4155091,efi,1,1
Hearing impairment,4110815,efi,1,1
Hearing impairment,4084061,efi,1,1
Hearing impairment,376525,efi,1,1
Hearing impairment,44812769,efi,1,1
Hearing impairment,4154013,efi,1,1
Hearing impairment,4086281,efi,1,1
Hearing impairment,377889,efi,1,1
Hearing impairment,4129665,efi,1,1
Hearing impairment,4051469,efi,1,1
Hearing impairment,44790126,efi,1,1
Hearing impairment,4086280,efi,1,1
Hearing impairment,40358216,efi,1,1
Hearing impairment,4111052,efi,1,1
Hearing impairment,4036957,efi,1,1
Hearing impairment,4081944,efi,1,1
Hearing impairment,40352405,efi,1,1
Hearing impairment,4107706,efi,1,1
Hearing impairment,377888,efi,1,1
Hearing impairment,377574,efi,1,1
Hearing impairment,4173753,efi,1,1
Hearing impairment,4038031,efi,1,1
Hearing impairment,43021777,efi,1,1
Hearing impairment,4079298,efi,1,1
Hearing impairment,379832,efi,1,1
Hearing impairment,4224197,efi,1,1
Hearing impairment,4062469,efi,1,1
Hearing impairment,40388949,efi,1,1
Hearing impairment,4038030,efi,1,1
Hearing impairment,40358215,efi,1,1
Hearing impairment,4064081,efi,1,1
Hearing impairment,4064208,efi,1,1
Hearing impairment,4150172,efi,1,1
Hearing impairment,4198301,efi,1,1
Hearing impairment,4048164,efi,1,1
Hearing impairment,4064207,efi,1,1
Hearing impairment,374366,efi,1,1
Hearing impairment,43021776,efi,1,1
Heart failure,42536932,efi,1,3
Heart failure,4023479,efi,1,3
Heart failure,4273632,efi,1,3
Heart failure,319835,efi,1,3
Heart failure,40392299,efi,1,3
Heart failure,4223299,efi,1,3
Heart failure,4242669,efi,1,3
Heart failure,442310,efi,1,3
Heart failure,4220752,efi,1,3
Heart failure,40392293,efi,1,3
Heart failure,44790927,efi,1,3
Heart failure,4206307,efi,1,3
Heart failure,4235646,efi,1,3
Heart failure,4206728,efi,1,3
Heart failure,4048439,efi,1,3
Heart failure,45766843,efi,1,3
Heart failure,40345199,efi,1,3
Heart failure,4124705,efi,1,3
Heart failure,4059317,efi,1,3
Heart failure,4215802,efi,1,3
Heart failure,316139,efi,1,3
Heart failure,44789102,efi,1,3
Heart failure,40302091,efi,1,3
Heart failure,44805460,efi,1,3
Heart failure,4173819,efi,1,3
Heart failure,4309550,efi,1,3
Heart failure,4305741,efi,1,3
Heart failure,4193010,efi,1,3
Heart failure,44803916,efi,1,3
Heart failure,4227345,efi,1,3
Heart failure,44811037,efi,1,3
Heart failure,45772694,efi,1,3
Heart failure,46285082,efi,1,3
Heart failure,44790972,efi,1,3
Heart failure,4046878,efi,1,3
Heart failure,4217069,efi,1,3
Heart failure,261600,efi,1,3
Heart failure,40486933,efi,1,3
Heart failure,44803917,efi,1,3
Heart failure,4047088,efi,1,3
Heart failure,40333199,efi,1,3
Heart failure,3530041,efi,1,3
Heart failure,4229440,efi,1,3
Heart failure,4248531,efi,1,3
Heart failure,44789327,efi,1,3
Heart failure,4220132,efi,1,3
Heart failure,4226789,efi,1,3
Heart failure,4142561,efi,1,3
Heart failure,40302104,efi,1,3
Heart failure,44789251,efi,1,3
Heart failure,439846,efi,1,3
Heart failure,44803777,efi,1,3
Heart failure,4199500,efi,1,3
Heart failure,4215689,efi,1,3
Heart failure,4215511,efi,1,3
Heart valve disease,40399346,efi,1,3
Heart valve disease,4189343,efi,1,3
Heart valve disease,319845,efi,1,3
Heart valve disease,443962,efi,1,3
Heart valve disease,4252872,efi,1,3
Housebound,44803411,efi,1,1
Housebound,4052962,efi,1,1
Housebound,4084987,efi,1,1
Housebound,37018404,efi,1,1
Housebound,3542807,efi,1,1
Housebound,4088708,efi,1,1
Housebound,4252227,efi,1,1
Housebound,3522067,efi,1,1
Housebound,4083572,efi,1,1
Housebound,4024204,efi,1,1
Housebound,4089185,efi,1,1
Housebound,4089187,efi,1,1
Housebound,4259432,efi,1,1
Housebound,4083575,efi,1,1
Housebound,4117452,efi,1,1
Housebound,4083573,efi,1,1
Hypertension,4269035,efi,1,3
Hypertension,317895,efi,1,3
Hypertension,4209293,efi,1,3
Hypertension,314958,efi,1,3
Hypertension,4083426,efi,1,3
Hypertension,4110948,efi,1,3
Hypertension,4058286,efi,1,3
Hypertension,40398412,efi,1,3
Hypertension,316866,efi,1,3
Hypertension,4201850,efi,1,3
Hypertension,4289933,efi,1,3
Hypertension,4197166,efi,1,3
Hypertension,317898,efi,1,3
Hypertension,376965,efi,1,3
Hypertension,4108213,efi,1,3
Hypertension,319826,efi,1,3
Hypertension,4292205,efi,1,3
Hypertension,42537122,efi,1,3
Hypertension,44803796,efi,1,3
Hypertension,443771,efi,1,3
Hypertension,318437,efi,1,3
Hypertension,312648,efi,1,3
Hypertension,40481459,efi,1,3
Hypertension,3572201,efi,1,3
Hypertension,44803870,efi,1,3
Hypertension,4016922,efi,1,3
Hypertension,320128,efi,1,3
Hypertension,40302086,efi,1,3
Hypertension,201313,efi,1,3
Hypertension,4194472,efi,1,3
Hypertension,4015732,efi,1,3
Hypertension,44803791,efi,1,3
Hypertension,4017170,efi,1,3
Hypertension,4167358,efi,1,3
Hypertension,4085017,efi,1,3
Hypertension,44783643,efi,1,3
Hypotension / syncope,40305119,efi,1,1
Hypotension / syncope,443240,efi,1,1
Hypotension / syncope,4206148,efi,1,1
Hypotension / syncope,40295289,efi,1,1
Hypotension / syncope,4084007,efi,1,1
Hypotension / syncope,40326869,efi,1,1
Hypotension / syncope,316447,efi,1,1
Hypotension / syncope,317002,efi,1,1
Hypotension / syncope,4045723,efi,1,1
Hypotension / syncope,44802607,efi,1,1
Hypotension / syncope,4112334,efi,1,1
Hypotension / syncope,4120275,efi,1,1
Hypotension / syncope,4160732,efi,1,1
Hypotension / syncope,4162976,efi,1,1
Hypotension / syncope,40318776,efi,1,1
Hypotension / syncope,40305116,efi,1,1
Hypotension / syncope,4250121,efi,1,1
Hypotension / syncope,3530066,efi,1,1
Hypotension / syncope,319041,efi,1,1
Hypotension / syncope,135360,efi,1,1
Hypotension / syncope,4087470,efi,1,1
Hypotension / syncope,36713737,efi,1,1
Hypotension / syncope,3530065,efi,1,1
Hypotension / syncope,4037296,efi,1,1
Hypotension / syncope,43021964,efi,1,1
Hypotension / syncope,40429620,efi,1,1
Hypotension / syncope,4151718,efi,1,1
Hypotension / syncope,4144921,efi,1,1
Hypotension / syncope,4297376,efi,1,1
Ischaemic heart disease,4176969,efi,1,3
Ischaemic heart disease,438170,efi,1,3
Ischaemic heart disease,438172,efi,1,3
Ischaemic heart disease,4336464,efi,1,3
Ischaemic heart disease,40257704,efi,1,3
Ischaemic heart disease,4244247,efi,1,3
Ischaemic heart disease,4017176,efi,1,3
Ischaemic heart disease,4152383,efi,1,3
Ischaemic heart disease,321462,efi,1,3
Ischaemic heart disease,4017175,efi,1,3
Ischaemic heart disease,315286,efi,1,3
Ischaemic heart disease,40398435,efi,1,3
Ischaemic heart disease,44783188,efi,1,3
Ischaemic heart disease,4283892,efi,1,3
Ischaemic heart disease,4150819,efi,1,3
Ischaemic heart disease,4119952,efi,1,3
Ischaemic heart disease,4134723,efi,1,3
Ischaemic heart disease,40398434,efi,1,3
Ischaemic heart disease,4124686,efi,1,3
Ischaemic heart disease,4116486,efi,1,3
Ischaemic heart disease,4058723,efi,1,3
Ischaemic heart disease,4015942,efi,1,3
Ischaemic heart disease,4185302,efi,1,3
Ischaemic heart disease,4270024,efi,1,3
Ischaemic heart disease,40302090,efi,1,3
Ischaemic heart disease,4058722,efi,1,3
Ischaemic heart disease,435561,efi,1,3
Ischaemic heart disease,321318,efi,1,3
Ischaemic heart disease,315296,efi,1,3
Ischaemic heart disease,317576,efi,1,3
Ischaemic heart disease,40345176,efi,1,3
Ischaemic heart disease,4194618,efi,1,3
Ischaemic heart disease,4119953,efi,1,3
Ischaemic heart disease,4077069,efi,1,3
Ischaemic heart disease,40481919,efi,1,3
Ischaemic heart disease,4191705,efi,1,3
Ischaemic heart disease,4064346,efi,1,3
Ischaemic heart disease,4124682,efi,1,3
Ischaemic heart disease,40332736,efi,1,3
Ischaemic heart disease,4124687,efi,1,3
Ischaemic heart disease,4197719,efi,1,3
Ischaemic heart disease,4077352,efi,1,3
Ischaemic heart disease,4127089,efi,1,3
Ischaemic heart disease,4186397,efi,1,3
Ischaemic heart disease,314666,efi,1,3
Ischaemic heart disease,40398869,efi,1,3
Ischaemic heart disease,4329847,efi,1,3
Ischaemic heart disease,4263712,efi,1,3
Ischaemic heart disease,44796208,efi,1,3
Ischaemic heart disease,4201630,efi,1,3
Ischaemic heart disease,4185932,efi,1,3
Ischaemic heart disease,4124683,efi,1,3
Ischaemic heart disease,4133636,efi,1,3
Ischaemic heart disease,4006788,efi,1,3
Ischaemic heart disease,312327,efi,1,3
Ischaemic heart disease,4021482,efi,1,3
Ischaemic heart disease,4119942,efi,1,3
Ischaemic heart disease,40302089,efi,1,3
Ischaemic heart disease,4144290,efi,1,3
Memory and cognitive problems,439276,efi,1,3
Memory and cognitive problems,378419,efi,1,3
Memory and cognitive problems,4046090,efi,1,3
Memory and cognitive problems,4098163,efi,1,3
Memory and cognitive problems,381273,efi,1,3
Memory and cognitive problems,4333671,efi,1,3
Memory and cognitive problems,4046091,efi,1,3
Memory and cognitive problems,4100250,efi,1,3
Memory and cognitive problems,44793561,efi,1,3
Memory and cognitive problems,4152488,efi,1,3
Memory and cognitive problems,4164633,efi,1,3
Memory and cognitive problems,40483103,efi,1,3
Memory and cognitive problems,4047748,efi,1,3
Memory and cognitive problems,378125,efi,1,3
Memory and cognitive problems,4012806,efi,1,3
Memory and cognitive problems,4187353,efi,1,3
Memory and cognitive problems,377527,efi,1,3
Memory and cognitive problems,4043378,efi,1,3
Memory and cognitive problems,4041685,efi,1,3
Memory and cognitive problems,44791022,efi,1,3
Memory and cognitive problems,380701,efi,1,3
Memory and cognitive problems,4182210,efi,1,3
Memory and cognitive problems,44803843,efi,1,3
Memory and cognitive problems,379784,efi,1,3
Memory and cognitive problems,4047747,efi,1,3
Memory and cognitive problems,44803648,efi,1,3
Memory and cognitive problems,44782710,efi,1,3
Memory and cognitive problems,374888,efi,1,3
Memory and cognitive problems,4297400,efi,1,3
Memory and cognitive problems,44812024,efi,1,3
Memory and cognitive problems,4044415,efi,1,3
Memory and cognitive problems,4012964,efi,1,3
Memory and cognitive problems,4180284,efi,1,3
Memory and cognitive problems,373995,efi,1,3
Memory and cognitive problems,4264146,efi,1,3
Memory and cognitive problems,376946,efi,1,3
Memory and cognitive problems,441002,efi,1,3
Memory and cognitive problems,4101137,efi,1,3
Memory and cognitive problems,4103572,efi,1,3
Memory and cognitive problems,4048875,efi,1,3
Memory and cognitive problems,4198081,efi,1,3
Memory and cognitive problems,4248542,efi,1,3
Memory and cognitive problems,375791,efi,1,3
Memory and cognitive problems,4171718,efi,1,3
Memory and cognitive problems,44803915,efi,1,3
Memory and cognitive problems,4046089,efi,1,3
Memory and cognitive problems,378726,efi,1,3
Memory and cognitive problems,376085,efi,1,3
Memory and cognitive problems,44803717,efi,1,3
Memory and cognitive problems,4218017,efi,1,3
Memory and cognitive problems,381832,efi,1,3
Memory and cognitive problems,4085496,efi,1,3
Memory and cognitive problems,4304008,efi,1,3
Memory and cognitive problems,40302046,efi,1,3
Memory and cognitive problems,44803706,efi,1,3
Memory and cognitive problems,44803388,efi,1,3
Memory and cognitive problems,4074319,efi,1,3
Memory and cognitive problems,4012961,efi,1,3
Memory and cognitive problems,44790944,efi,1,3
Memory and cognitive problems,4220313,efi,1,3
Memory and cognitive problems,44803697,efi,1,3
Memory and cognitive problems,4012960,efi,1,3
Memory and cognitive problems,374326,efi,1,3
Memory and cognitive problems,4099961,efi,1,3
Memory and cognitive problems,4075232,efi,1,3
Memory and cognitive problems,4092747,efi,1,3
Memory and cognitive problems,379778,efi,1,3
Memory and cognitive problems,4076654,efi,1,3
Memory and cognitive problems,4100252,efi,1,3
Memory and cognitive problems,4228133,efi,1,3
Memory and cognitive problems,4084412,efi,1,3
Memory and cognitive problems,4314734,efi,1,3
Memory and cognitive problems,376094,efi,1,3
Memory and cognitive problems,443605,efi,1,3
Memory and cognitive problems,44803781,efi,1,3
Memory and cognitive problems,4250116,efi,1,3
Memory and cognitive problems,4234089,efi,1,3
Memory and cognitive problems,4202272,efi,1,3
Memory and cognitive problems,4196433,efi,1,3
Memory and cognitive problems,4166262,efi,1,3
Memory and cognitive problems,4059191,efi,1,3
Memory and cognitive problems,4012957,efi,1,3
Memory and cognitive problems,4012952,efi,1,3
Memory and cognitive problems,4012654,efi,1,3
Memory and cognitive problems,4012652,efi,1,3
Memory and cognitive problems,4012953,efi,1,3
Memory and cognitive problems,4012951,efi,1,3
Mobility and transfer problems,4199248,efi,1,1
Mobility and transfer problems,37018404,efi,1,1
Mobility and transfer problems,4087225,efi,1,1
Mobility and transfer problems,4199731,efi,1,1
Mobility and transfer problems,4136754,efi,1,1
Mobility and transfer problems,4151347,efi,1,1
Mobility and transfer problems,4052045,efi,1,1
Mobility and transfer problems,4199727,efi,1,1
Mobility and transfer problems,4105540,efi,1,1
Mobility and transfer problems,4079780,efi,1,1
Mobility and transfer problems,4107044,efi,1,1
Mobility and transfer problems,439405,efi,1,1
Mobility and transfer problems,4105539,efi,1,1
Mobility and transfer problems,4052047,efi,1,1
Mobility and transfer problems,4086548,efi,1,1
Mobility and transfer problems,4200495,efi,1,1
Mobility and transfer problems,4036230,efi,1,1
Mobility and transfer problems,4052477,efi,1,1
Mobility and transfer problems,4105542,efi,1,1
Mobility and transfer problems,4200355,efi,1,1
Mobility and transfer problems,4200497,efi,1,1
Mobility and transfer problems,4199722,efi,1,1
Mobility and transfer problems,4200377,efi,1,1
Mobility and transfer problems,4052468,efi,1,1
Mobility and transfer problems,4200194,efi,1,1
Mobility and transfer problems,4053076,efi,1,1
Mobility and transfer problems,4310235,efi,1,1
Mobility and transfer problems,4200379,efi,1,1
Mobility and transfer problems,4012645,efi,1,1
Mobility and transfer problems,4116109,efi,1,1
Osteoporosis,4004623,efi,1,3
Osteoporosis,80502,efi,1,3
Osteoporosis,4195039,efi,1,3
Osteoporosis,4069306,efi,1,3
Osteoporosis,4310033,efi,1,3
Osteoporosis,4133510,efi,1,3
Osteoporosis,4010333,efi,1,3
Osteoporosis,4193149,efi,1,3
Osteoporosis,4003481,efi,1,3
Osteoporosis,4344378,efi,1,3
Osteoporosis,80824,efi,1,3
Osteoporosis,4003482,efi,1,3
Osteoporosis,4347301,efi,1,3
Osteoporosis,4192182,efi,1,3
Osteoporosis,4193139,efi,1,3
Osteoporosis,40480160,efi,1,3
Osteoporosis,4307163,efi,1,3
Osteoporosis,4305731,efi,1,3
Osteoporosis,4002134,efi,1,3
Osteoporosis,4310027,efi,1,3
Osteoporosis,4347298,efi,1,3
Osteoporosis,4310038,efi,1,3
Osteoporosis,4033089,efi,1,3
Osteoporosis,4344377,efi,1,3
Osteoporosis,77365,efi,1,3
Osteoporosis,4310036,efi,1,3
Osteoporosis,4105090,efi,1,3
Osteoporosis,43021371,efi,1,3
Osteoporosis,4002133,efi,1,3
Osteoporosis,4147566,efi,1,3
Osteoporosis,4345585,efi,1,3
Osteoporosis,4003479,efi,1,3
Osteoporosis,4310034,efi,1,3
Osteoporosis,4004622,efi,1,3
Osteoporosis,4069524,efi,1,3
Osteoporosis,44813192,efi,1,3
Osteoporosis,4192171,efi,1,3
Osteoporosis,4067765,efi,1,3
Osteoporosis,4173335,efi,1,3
Osteoporosis,4310035,efi,1,3
Osteoporosis,4192168,efi,1,3
Osteoporosis,4192170,efi,1,3
Osteoporosis,4068133,efi,1,3
Osteoporosis,44805520,efi,1,3
Osteoporosis,4067768,efi,1,3
Osteoporosis,4192173,efi,1,3
Osteoporosis,3563878,efi,1,3
Osteoporosis,4307165,efi,1,3
Osteoporosis,4193133,efi,1,3
Osteoporosis,4149785,efi,1,3
Osteoporosis,44805521,efi,1,3
Osteoporosis,4310037,efi,1,3
Parkinsonism and tremor,4046093,efi,1,3
Parkinsonism and tremor,4041681,efi,1,3
Parkinsonism and tremor,4086836,efi,1,3
Parkinsonism and tremor,40332850,efi,1,3
Parkinsonism and tremor,4095182,efi,1,3
Parkinsonism and tremor,36713737,efi,1,3
Parkinsonism and tremor,4155897,efi,1,3
Parkinsonism and tremor,4154447,efi,1,3
Parkinsonism and tremor,3543515,efi,1,3
Parkinsonism and tremor,4087333,efi,1,3
Parkinsonism and tremor,4204820,efi,1,3
Parkinsonism and tremor,380701,efi,1,3
Parkinsonism and tremor,4063335,efi,1,3
Parkinsonism and tremor,4146869,efi,1,3
Parkinsonism and tremor,374013,efi,1,3
Parkinsonism and tremor,44792293,efi,1,3
Parkinsonism and tremor,373139,efi,1,3
Parkinsonism and tremor,44802649,efi,1,3
Parkinsonism and tremor,4063339,efi,1,3
Parkinsonism and tremor,443602,efi,1,3
Parkinsonism and tremor,4140090,efi,1,3
Parkinsonism and tremor,4171569,efi,1,3
Parkinsonism and tremor,4126631,efi,1,3
Parkinsonism and tremor,381270,efi,1,3
Parkinsonism and tremor,443782,efi,1,3
Parkinsonism and tremor,44802648,efi,1,3
Peptic ulcer,4057076,efi,1,1
Peptic ulcer,4189591,efi,1,1
Peptic ulcer,4026029,efi,1,1
Peptic ulcer,4077224,efi,1,1
Peptic ulcer,4012219,efi,1,1
Peptic ulcer,40398998,efi,1,1
Peptic ulcer,4057060,efi,1,1
Peptic ulcer,4146517,efi,1,1
Peptic ulcer,436453,efi,1,1
Peptic ulcer,4174560,efi,1,1
Peptic ulcer,4055895,efi,1,1
Peptic ulcer,4206417,efi,1,1
Peptic ulcer,4080599,efi,1,1
Peptic ulcer,4342641,efi,1,1
Peptic ulcer,4027729,efi,1,1
Peptic ulcer,40398566,efi,1,1
Peptic ulcer,4174044,efi,1,1
Peptic ulcer,4231580,efi,1,1
Peptic ulcer,4077225,efi,1,1
Peptic ulcer,4024842,efi,1,1
Peptic ulcer,4147763,efi,1,1
Peptic ulcer,4169592,efi,1,1
Peptic ulcer,4340785,efi,1,1
Peptic ulcer,4341233,efi,1,1
Peptic ulcer,195002,efi,1,1
Peptic ulcer,4076267,efi,1,1
Peptic ulcer,4173408,efi,1,1
Peptic ulcer,4188456,efi,1,1
Peptic ulcer,4134146,efi,1,1
Peptic ulcer,4059178,efi,1,1
Peptic ulcer,4338225,efi,1,1
Peptic ulcer,4046500,efi,1,1
Peptic ulcer,44795995,efi,1,1
Peptic ulcer,4342651,efi,1,1
Peptic ulcer,4232181,efi,1,1
Peptic ulcer,4057053,efi,1,1
Peptic ulcer,4336230,efi,1,1
Peptic ulcer,40346371,efi,1,1
Peptic ulcer,4099014,efi,1,1
Peptic ulcer,4121241,efi,1,1
Peptic ulcer,40302116,efi,1,1
Peptic ulcer,4134567,efi,1,1
Peptic ulcer,4197598,efi,1,1
Peptic ulcer,4194543,efi,1,1
Peptic ulcer,4066636,efi,1,1
Peptic ulcer,4068164,efi,1,1
Peptic ulcer,36716253,efi,1,1
Peptic ulcer,4183009,efi,1,1
Peptic ulcer,4152547,efi,1,1
Peptic ulcer,3529275,efi,1,1
Peptic ulcer,4006994,efi,1,1
Peptic ulcer,4265479,efi,1,1
Peptic ulcer,4144292,efi,1,1
Peptic ulcer,4198381,efi,1,1
Peptic ulcer,4265600,efi,1,1
Peptic ulcer,4144181,efi,1,1
Peptic ulcer,4289830,efi,1,1
Peptic ulcer,4229614,efi,1,1
Peptic ulcer,4151589,efi,1,1
Peptic ulcer,4124302,efi,1,1
Peptic ulcer,44791257,efi,1,1
Peptic ulcer,3655004,efi,1,1
Peptic ulcer,44789799,efi,1,1
Peptic ulcer,4205670,efi,1,1
Peptic ulcer,3655003,efi,1,1
Peptic ulcer,4144797,efi,1,1
Peptic ulcer,4150681,efi,1,1
Peptic ulcer,4211001,efi,1,1
Peptic ulcer,4025501,efi,1,1
Peptic ulcer,4027663,efi,1,1
Peptic ulcer,4028242,efi,1,1
Peptic ulcer,40437433,efi,1,1
Peptic ulcer,4069351,efi,1,1
Peptic ulcer,4070478,efi,1,1
Peptic ulcer,4049466,efi,1,1
Peptic ulcer,40398541,efi,1,1
Peptic ulcer,4341235,efi,1,1
Peptic ulcer,4340672,efi,1,1
Peptic ulcer,4144291,efi,1,1
Peptic ulcer,4310838,efi,1,1
Peptic ulcer,4271696,efi,1,1
Peptic ulcer,4146477,efi,1,1
Peptic ulcer,4321586,efi,1,1
Peptic ulcer,44808500,efi,1,1
Peptic ulcer,4123263,efi,1,1
Peptic ulcer,4139403,efi,1,1
Peptic ulcer,4144180,efi,1,1
Peptic ulcer,4318534,efi,1,1
Peptic ulcer,433515,efi,1,1
Peptic ulcer,4274491,efi,1,1
Peptic ulcer,4319441,efi,1,1
Peptic ulcer,4057953,efi,1,1
Peptic ulcer,4331322,efi,1,1
Peptic ulcer,40333211,efi,1,1
Peripheral vascular disease,4096668,efi,1,3
Peripheral vascular disease,4124839,efi,1,3
Peripheral vascular disease,4295155,efi,1,3
Peripheral vascular disease,4061122,efi,1,3
Peripheral vascular disease,40393176,efi,1,3
Peripheral vascular disease,4124838,efi,1,3
Peripheral vascular disease,4145415,efi,1,3
Peripheral vascular disease,4119612,efi,1,3
Peripheral vascular disease,4200875,efi,1,3
Peripheral vascular disease,43021360,efi,1,3
Peripheral vascular disease,4116977,efi,1,3
Peripheral vascular disease,4208071,efi,1,3
Peripheral vascular disease,321822,efi,1,3
Peripheral vascular disease,316437,efi,1,3
Peripheral vascular disease,4124837,efi,1,3
Peripheral vascular disease,4253309,efi,1,3
Peripheral vascular disease,4124836,efi,1,3
Peripheral vascular disease,4223303,efi,1,3
Peripheral vascular disease,4226354,efi,1,3
Peripheral vascular disease,4124834,efi,1,3
Peripheral vascular disease,40386745,efi,1,3
Peripheral vascular disease,4124835,efi,1,3
Peripheral vascular disease,321052,efi,1,3
Peripheral vascular disease,3563136,efi,1,3
Peripheral vascular disease,4063569,efi,1,3
Peripheral vascular disease,4061118,efi,1,3
Polypharmacy,4080986,efi,1,1
Polypharmacy,4235250,efi,1,1
Requirement for care,4081589,efi,1,1
Requirement for care,4052331,efi,1,1
Requirement for care,44791364,efi,1,1
Requirement for care,4052486,efi,1,1
Requirement for care,4053091,efi,1,1
Requirement for care,4154617,efi,1,1
Requirement for care,4080054,efi,1,1
Requirement for care,44791557,efi,1,1
Requirement for care,4088536,efi,1,1
Requirement for care,4073474,efi,1,1
Requirement for care,4059500,efi,1,1
Respiratory disease,42536207,efi,1,3
Respiratory disease,4083422,efi,1,3
Respiratory disease,4269178,efi,1,3
Respiratory disease,4293732,efi,1,3
Respiratory disease,44793424,efi,1,3
Respiratory disease,4156136,efi,1,3
Respiratory disease,44801301,efi,1,3
Respiratory disease,4339214,efi,1,3
Respiratory disease,4293727,efi,1,3
Respiratory disease,4077072,efi,1,3
Respiratory disease,40345182,efi,1,3
Respiratory disease,4233784,efi,1,3
Respiratory disease,3580799,efi,1,3
Respiratory disease,40302098,efi,1,3
Respiratory disease,36714118,efi,1,3
Respiratory disease,44803764,efi,1,3
Respiratory disease,36716970,efi,1,3
Respiratory disease,4121619,efi,1,3
Respiratory disease,4145497,efi,1,3
Respiratory disease,4088882,efi,1,3
Respiratory disease,4120091,efi,1,3
Respiratory disease,258780,efi,1,3
Respiratory disease,4119607,efi,1,3
Respiratory disease,4215257,efi,1,3
Respiratory disease,4310173,efi,1,3
Respiratory disease,40395874,efi,1,3
Respiratory disease,317009,efi,1,3
Respiratory disease,4235703,efi,1,3
Respiratory disease,4013643,efi,1,3
Respiratory disease,4214588,efi,1,3
Respiratory disease,40357626,efi,1,3
Respiratory disease,40302112,efi,1,3
Respiratory disease,4235804,efi,1,3
Respiratory disease,4195384,efi,1,3
Respiratory disease,4081039,efi,1,3
Respiratory disease,4017025,efi,1,3
Respiratory disease,44812559,efi,1,3
Respiratory disease,4090836,efi,1,3
Respiratory disease,44809985,efi,1,3
Respiratory disease,40302111,efi,1,3
Respiratory disease,44795853,efi,1,3
Respiratory disease,42539771,efi,1,3
Respiratory disease,3523311,efi,1,3
Respiratory disease,40345181,efi,1,3
Respiratory disease,4308356,efi,1,3
Respiratory disease,4072513,efi,1,3
Respiratory disease,44788435,efi,1,3
Respiratory disease,4152913,efi,1,3
Respiratory disease,256448,efi,1,3
Respiratory disease,4059320,efi,1,3
Respiratory disease,257004,efi,1,3
Respiratory disease,4123253,efi,1,3
Respiratory disease,4293733,efi,1,3
Respiratory disease,4293734,efi,1,3
Respiratory disease,40395891,efi,1,3
Respiratory disease,4199706,efi,1,3
Respiratory disease,40545672,efi,1,3
Respiratory disease,261325,efi,1,3
Respiratory disease,44788053,efi,1,3
Respiratory disease,4191479,efi,1,3
Respiratory disease,44783618,efi,1,3
Respiratory disease,4189168,efi,1,3
Respiratory disease,4151705,efi,1,3
Respiratory disease,44788724,efi,1,3
Respiratory disease,4152911,efi,1,3
Respiratory disease,4028118,efi,1,3
Respiratory disease,42536973,efi,1,3
Respiratory disease,40333205,efi,1,3
Respiratory disease,44788930,efi,1,3
Respiratory disease,44805092,efi,1,3
Respiratory disease,4085315,efi,1,3
Respiratory disease,44805093,efi,1,3
Respiratory disease,44804959,efi,1,3
Respiratory disease,44788836,efi,1,3
Respiratory disease,44782560,efi,1,3
Respiratory disease,4309350,efi,1,3
Respiratory disease,44788824,efi,1,3
Respiratory disease,4015947,efi,1,3
Respiratory disease,4080962,efi,1,3
Respiratory disease,4295034,efi,1,3
Respiratory disease,40345760,efi,1,3
Respiratory disease,440912,efi,1,3
Respiratory disease,4201616,efi,1,3
Respiratory disease,44802478,efi,1,3
Respiratory disease,40398914,efi,1,3
Respiratory disease,40302108,efi,1,3
Respiratory disease,42539611,efi,1,3
Respiratory disease,4017293,efi,1,3
Respiratory disease,44788781,efi,1,3
Respiratory disease,4088883,efi,1,3
Respiratory disease,4155473,efi,1,3
Respiratory disease,4110051,efi,1,3
Respiratory disease,4077802,efi,1,3
Respiratory disease,4064741,efi,1,3
Respiratory disease,40345759,efi,1,3
Respiratory disease,4155470,efi,1,3
Respiratory disease,44784373,efi,1,3
Respiratory disease,4044580,efi,1,3
Respiratory disease,4211648,efi,1,3
Respiratory disease,44804958,efi,1,3
Respiratory disease,44802477,efi,1,3
Respiratory disease,40317528,efi,1,3
Respiratory disease,45771045,efi,1,3
Respiratory disease,4214589,efi,1,3
Respiratory disease,4215256,efi,1,3
Respiratory disease,4152292,efi,1,3
Respiratory disease,35609847,efi,1,3
Respiratory disease,257581,efi,1,3
Respiratory disease,252658,efi,1,3
Respiratory disease,35609846,efi,1,3
Respiratory disease,44783144,efi,1,3
Respiratory disease,4161595,efi,1,3
Respiratory disease,40395889,efi,1,3
Respiratory disease,40481511,efi,1,3
Respiratory disease,44802476,efi,1,3
Respiratory disease,4244339,efi,1,3
Respiratory disease,4059907,efi,1,3
Respiratory disease,44782562,efi,1,3
Respiratory disease,4120094,efi,1,3
Respiratory disease,4206920,efi,1,3
Respiratory disease,44805091,efi,1,3
Respiratory disease,4152418,efi,1,3
Respiratory disease,44793048,efi,1,3
Respiratory disease,44805089,efi,1,3
Respiratory disease,40345756,efi,1,3
Respiratory disease,254662,efi,1,3
Respiratory disease,4155469,efi,1,3
Respiratory disease,4017189,efi,1,3
Respiratory disease,45766868,efi,1,3
Respiratory disease,320136,efi,1,3
Respiratory disease,440417,efi,1,3
Respiratory disease,4271333,efi,1,3
Respiratory disease,257905,efi,1,3
Respiratory disease,4155468,efi,1,3
Respiratory disease,4268284,efi,1,3
Respiratory disease,44805524,efi,1,3
Respiratory disease,40345758,efi,1,3
Respiratory disease,4250128,efi,1,3
Respiratory disease,44792265,efi,1,3
Respiratory disease,40316547,efi,1,3
Respiratory disease,44802475,efi,1,3
Respiratory disease,4307038,efi,1,3
Respiratory disease,4015951,efi,1,3
Respiratory disease,45766866,efi,1,3
Respiratory disease,4015818,efi,1,3
Respiratory disease,44803712,efi,1,3
Respiratory disease,4119298,efi,1,3
Respiratory disease,44805526,efi,1,3
Respiratory disease,4236271,efi,1,3
Respiratory disease,4082254,efi,1,3
Respiratory disease,46272979,efi,1,3
Respiratory disease,4017183,efi,1,3
Respiratory disease,44788780,efi,1,3
Respiratory disease,4057273,efi,1,3
Respiratory disease,4155465,efi,1,3
Respiratory disease,4193023,efi,1,3
Respiratory disease,44791725,efi,1,3
Respiratory disease,44813771,efi,1,3
Respiratory disease,40545661,efi,1,3
Respiratory disease,4214676,efi,1,3
Respiratory disease,46269801,efi,1,3
Respiratory disease,4121622,efi,1,3
Respiratory disease,44803979,efi,1,3
Respiratory disease,4152417,efi,1,3
Respiratory disease,40316548,efi,1,3
Respiratory disease,4151447,efi,1,3
Respiratory disease,44799960,efi,1,3
Respiratory disease,44792264,efi,1,3
Respiratory disease,4017188,efi,1,3
Respiratory disease,4213782,efi,1,3
Respiratory disease,44788723,efi,1,3
Respiratory disease,255573,efi,1,3
Respiratory disease,255841,efi,1,3
Respiratory disease,4110056,efi,1,3
Respiratory disease,4235401,efi,1,3
Respiratory disease,4082252,efi,1,3
Respiratory disease,4207479,efi,1,3
Respiratory disease,44791025,efi,1,3
Respiratory disease,4191827,efi,1,3
Respiratory disease,4190879,efi,1,3
Respiratory disease,4263877,efi,1,3
Respiratory disease,4125022,efi,1,3
Respiratory disease,4017184,efi,1,3
Respiratory disease,44788779,efi,1,3
Respiratory disease,4148757,efi,1,3
Respiratory disease,40483854,efi,1,3
Respiratory disease,4015819,efi,1,3
Respiratory disease,4120095,efi,1,3
Respiratory disease,44805087,efi,1,3
Respiratory disease,4015948,efi,1,3
Respiratory disease,4194289,efi,1,3
Respiratory disease,4051466,efi,1,3
Respiratory disease,4035793,efi,1,3
Respiratory disease,40545245,efi,1,3
Respiratory disease,44788819,efi,1,3
Respiratory disease,312950,efi,1,3
Respiratory disease,4209097,efi,1,3
Respiratory disease,4196712,efi,1,3
Respiratory disease,4152420,efi,1,3
Respiratory disease,261889,efi,1,3
Respiratory disease,44793074,efi,1,3
Respiratory disease,4080964,efi,1,3
Respiratory disease,4322024,efi,1,3
Respiratory disease,4309833,efi,1,3
Respiratory disease,44792262,efi,1,3
Respiratory disease,45769673,efi,1,3
Respiratory disease,4190882,efi,1,3
Respiratory disease,40307552,efi,1,3
Respiratory disease,44803711,efi,1,3
Respiratory disease,4017026,efi,1,3
Respiratory disease,4232302,efi,1,3
Respiratory disease,4075237,efi,1,3
Respiratory disease,45769660,efi,1,3
Respiratory disease,4084667,efi,1,3
Respiratory disease,45769438,efi,1,3
Respiratory disease,4080963,efi,1,3
Respiratory disease,45773005,efi,1,3
Respiratory disease,4017182,efi,1,3
Respiratory disease,4095965,efi,1,3
Respiratory disease,4193560,efi,1,3
Respiratory disease,4308378,efi,1,3
Respiratory disease,443801,efi,1,3
Respiratory disease,4193588,efi,1,3
Respiratory disease,4155464,efi,1,3
Respiratory disease,44792263,efi,1,3
Respiratory disease,256197,efi,1,3
Respiratory disease,4059321,efi,1,3
Respiratory disease,44788789,efi,1,3
Respiratory disease,4081040,efi,1,3
Respiratory disease,4305736,efi,1,3
Respiratory disease,44788825,efi,1,3
Respiratory disease,45769441,efi,1,3
Skin ulcer,4056272,efi,1,1
Skin ulcer,4131517,efi,1,1
Skin ulcer,44782447,efi,1,1
Skin ulcer,4029926,efi,1,1
Skin ulcer,4192678,efi,1,1
Skin ulcer,44812659,efi,1,1
Skin ulcer,3543807,efi,1,1
Skin ulcer,4299972,efi,1,1
Skin ulcer,4209980,efi,1,1
Skin ulcer,4145540,efi,1,1
Skin ulcer,4038904,efi,1,1
Skin ulcer,200485,efi,1,1
Skin ulcer,4032890,efi,1,1
Skin ulcer,44793455,efi,1,1
Skin ulcer,4269173,efi,1,1
Skin ulcer,44793456,efi,1,1
Skin ulcer,44793454,efi,1,1
Skin ulcer,4204817,efi,1,1
Skin ulcer,4080500,efi,1,1
Skin ulcer,4110347,efi,1,1
Skin ulcer,4244554,efi,1,1
Skin ulcer,44805035,efi,1,1
Skin ulcer,44783164,efi,1,1
Skin ulcer,4118089,efi,1,1
Skin ulcer,4194872,efi,1,1
Skin ulcer,4110346,efi,1,1
Skin ulcer,4204020,efi,1,1
Skin ulcer,4321837,efi,1,1
Skin ulcer,40486126,efi,1,1
Skin ulcer,4021481,efi,1,1
Skin ulcer,3522513,efi,1,1
Skin ulcer,197304,efi,1,1
Skin ulcer,44808835,efi,1,1
Skin ulcer,4148076,efi,1,1
Skin ulcer,4298844,efi,1,1
Skin ulcer,135893,efi,1,1
Skin ulcer,40354619,efi,1,1
Skin ulcer,44791375,efi,1,1
Skin ulcer,3522250,efi,1,1
Skin ulcer,44791059,efi,1,1
Skin ulcer,4148915,efi,1,1
Skin ulcer,4025938,efi,1,1
Skin ulcer,40302152,efi,1,1
Skin ulcer,4024619,efi,1,1
Skin ulcer,44782446,efi,1,1
Skin ulcer,44791520,efi,1,1
Skin ulcer,4205677,efi,1,1
Skin ulcer,4066936,efi,1,1
Skin ulcer,4065354,efi,1,1
Skin ulcer,74719,efi,1,1
Skin ulcer,4209979,efi,1,1
Skin ulcer,4127117,efi,1,1
Skin ulcer,44801793,efi,1,1
Skin ulcer,4076776,efi,1,1
Skin ulcer,4190440,efi,1,1
Skin ulcer,4103165,efi,1,1
Skin ulcer,44783162,efi,1,1
Skin ulcer,4137491,efi,1,1
Skin ulcer,3522353,efi,1,1
Skin ulcer,4103166,efi,1,1
Skin ulcer,4190441,efi,1,1
Skin ulcer,44804358,efi,1,1
Skin ulcer,4121589,efi,1,1
Skin ulcer,44804659,efi,1,1
Skin ulcer,40483790,efi,1,1
Skin ulcer,4209852,efi,1,1
Skin ulcer,44789313,efi,1,1
Skin ulcer,4232397,efi,1,1
Skin ulcer,4215960,efi,1,1
Skin ulcer,4204042,efi,1,1
Skin ulcer,40397398,efi,1,1
Skin ulcer,443358,efi,1,1
Skin ulcer,44804551,efi,1,1
Skin ulcer,4083304,efi,1,1
Skin ulcer,4095409,efi,1,1
Skin ulcer,4212440,efi,1,1
Skin ulcer,4063569,efi,1,1
Skin ulcer,40486976,efi,1,1
Skin ulcer,4099651,efi,1,1
Skin ulcer,135333,efi,1,1
Skin ulcer,4194734,efi,1,1
Skin ulcer,134441,efi,1,1
Skin ulcer,4109880,efi,1,1
Skin ulcer,4116485,efi,1,1
Skin ulcer,44791271,efi,1,1
Skin ulcer,4065008,efi,1,1
Skin ulcer,4060066,efi,1,1
Skin ulcer,4119510,efi,1,1
Skin ulcer,40397397,efi,1,1
Skin ulcer,4145541,efi,1,1
Skin ulcer,4032889,efi,1,1
Skin ulcer,4262920,efi,1,1
Skin ulcer,4033354,efi,1,1
Skin ulcer,4137937,efi,1,1
Skin ulcer,44804686,efi,1,1
Skin ulcer,40486978,efi,1,1
Skin ulcer,4033352,efi,1,1
Skin ulcer,40486977,efi,1,1
Skin ulcer,4117109,efi,1,1
Skin ulcer,4193038,efi,1,1
Sleep disturbance,40326373,efi,1,3
Sleep disturbance,4156060,efi,1,3
Sleep disturbance,4047912,efi,1,3
Sleep disturbance,4102985,efi,1,3
Sleep disturbance,40386047,efi,1,3
Sleep disturbance,436962,efi,1,3
Sleep disturbance,4200883,efi,1,3
Sleep disturbance,374905,efi,1,3
Sleep disturbance,4196193,efi,1,3
Sleep disturbance,435657,efi,1,3
Sleep disturbance,4152347,efi,1,3
Sleep disturbance,40357654,efi,1,3
Social vulnerability,44791570,efi,1,1
Social vulnerability,36716273,efi,1,1
Social vulnerability,4221049,efi,1,1
Social vulnerability,4059498,efi,1,1
Social vulnerability,4023168,efi,1,1
Social vulnerability,4053087,efi,1,1
Social vulnerability,42538166,efi,1,1
Social vulnerability,4140172,efi,1,1
Social vulnerability,44788883,efi,1,1
Social vulnerability,4212892,efi,1,1
Social vulnerability,4022661,efi,1,1
Social vulnerability,4052789,efi,1,1
Social vulnerability,4143188,efi,1,1
Social vulnerability,4171619,efi,1,1
Social vulnerability,4204655,efi,1,1
Social vulnerability,4082090,efi,1,1
Thyroid disease,37394134,efi,1,3
Thyroid disease,4058707,efi,1,3
Thyroid disease,140976,efi,1,3
Thyroid disease,40302023,efi,1,3
Thyroid disease,44792300,efi,1,3
Thyroid disease,4030049,efi,1,3
Thyroid disease,140673,efi,1,3
Thyroid disease,42537123,efi,1,3
Thyroid disease,4030048,efi,1,3
Thyroid disease,40354170,efi,1,3
Thyroid disease,4327330,efi,1,3
Thyroid disease,40302022,efi,1,3
Thyroid disease,44789586,efi,1,3
Thyroid disease,4232076,efi,1,3
Thyroid disease,3572202,efi,1,3
Thyroid disease,4269217,efi,1,3
Thyroid disease,4278370,efi,1,3
Thyroid disease,40350828,efi,1,3
Thyroid disease,4034814,efi,1,3
Thyroid disease,4220368,efi,1,3
Thyroid disease,37399332,efi,1,3
Thyroid disease,4113642,efi,1,3
Thyroid disease,4129369,efi,1,3
Thyroid disease,4183422,efi,1,3
Thyroid disease,40314246,efi,1,3
Thyroid disease,4214419,efi,1,3
Thyroid disease,134312,efi,1,3
Thyroid disease,40386300,efi,1,3
Thyroid disease,4231548,efi,1,3
Thyroid disease,44810060,efi,1,3
Thyroid disease,4099205,efi,1,3
Thyroid disease,4058708,efi,1,3
Thyroid disease,138384,efi,1,3
Thyroid disease,132583,efi,1,3
Thyroid disease,40350829,efi,1,3
Thyroid disease,133728,efi,1,3
Thyroid disease,4130018,efi,1,3
Thyroid disease,37016342,efi,1,3
Thyroid disease,141253,efi,1,3
Thyroid disease,140062,efi,1,3
Thyroid disease,4030047,efi,1,3
Thyroid disease,4142479,efi,1,3
Thyroid disease,138387,efi,1,3
Thyroid disease,4036661,efi,1,3
Thyroid disease,4017320,efi,1,3
Thyroid disease,4034815,efi,1,3
Thyroid disease,3571968,efi,1,3
Thyroid disease,4194160,efi,1,3
Thyroid disease,4030042,efi,1,3
Thyroid disease,137820,efi,1,3
Urinary incontinence,4126278,efi,1,1
Urinary incontinence,4312867,efi,1,1
Urinary incontinence,4295966,efi,1,1
Urinary incontinence,197672,efi,1,1
Urinary incontinence,4242750,efi,1,1
Urinary incontinence,4172646,efi,1,1
Urinary incontinence,4032443,efi,1,1
Urinary incontinence,4127703,efi,1,1
Urinary incontinence,4120055,efi,1,1
Urinary incontinence,4146385,efi,1,1
Urinary incontinence,4343103,efi,1,1
Urinary incontinence,4032444,efi,1,1
Urinary incontinence,40380578,efi,1,1
Urinary incontinence,4302457,efi,1,1
Urinary incontinence,4343115,efi,1,1
Urinary incontinence,4090866,efi,1,1
Urinary incontinence,4058561,efi,1,1
Urinary incontinence,4236912,efi,1,1
Urinary incontinence,197102,efi,1,1
Urinary incontinence,193326,efi,1,1
Urinary incontinence,4032440,efi,1,1
Urinary incontinence,4128391,efi,1,1
Urinary incontinence,193871,efi,1,1
Urinary incontinence,40303251,efi,1,1
Urinary incontinence,197378,efi,1,1
Urinary incontinence,4012532,efi,1,1
Urinary incontinence,4141775,efi,1,1
Urinary incontinence,4182142,efi,1,1
Urinary incontinence,195007,efi,1,1
Urinary incontinence,40347045,efi,1,1
Urinary incontinence,4213788,efi,1,1
Urinary incontinence,4121974,efi,1,1
Urinary incontinence,4044713,efi,1,1
Urinary incontinence,4153667,efi,1,1
Urinary system disease,4060922,efi,1,1
Urinary system disease,3529088,efi,1,1
Urinary system disease,4077355,efi,1,1
Urinary system disease,198803,efi,1,1
Urinary system disease,79936,efi,1,1
Urinary system disease,40326276,efi,1,1
Urinary system disease,4016155,efi,1,1
Urinary system disease,40396071,efi,1,1
Urinary system disease,40302133,efi,1,1
Urinary system disease,75004,efi,1,1
Urinary system disease,40333226,efi,1,1
Urinary system disease,40267229,efi,1,1
Urinary system disease,4170453,efi,1,1
Urinary system disease,443350,efi,1,1
Urinary system disease,607857,efi,1,1
Urinary system disease,4080190,efi,1,1
Urinary system disease,4246851,efi,1,1
Urinary system disease,4012368,efi,1,1
Urinary system disease,4171379,efi,1,1
Urinary system disease,4080801,efi,1,1
Urinary system disease,197684,efi,1,1
Urinary system disease,4143052,efi,1,1
Urinary system disease,37206609,efi,1,1
Urinary system disease,4056612,efi,1,1
Urinary system disease,40396072,efi,1,1
Urinary system disease,4056621,efi,1,1
Urinary system disease,4234536,efi,1,1
Urinary system disease,200843,efi,1,1
Urinary system disease,44797548,efi,1,1
Urinary system disease,192450,efi,1,1
Urinary system disease,37206607,efi,1,1
Urinary system disease,4128388,efi,1,1
Urinary system disease,4127568,efi,1,1
Urinary system disease,44794474,efi,1,1
Urinary system disease,40304526,efi,1,1
Visual impairment,374028,efi,1,1
Visual impairment,380513,efi,1,1
Visual impairment,40387915,efi,1,1
Visual impairment,381445,efi,1,1
Visual impairment,4087764,efi,1,1
Visual impairment,4060606,efi,1,1
Visual impairment,4081143,efi,1,1
Visual impairment,44789132,efi,1,1
Visual impairment,4339010,efi,1,1
Visual impairment,4145421,efi,1,1
Visual impairment,4027702,efi,1,1
Visual impairment,40352353,efi,1,1
Visual impairment,4218499,efi,1,1
Visual impairment,378416,efi,1,1
Visual impairment,35624213,efi,1,1
Visual impairment,4194750,efi,1,1
Visual impairment,4225656,efi,1,1
Visual impairment,4334115,efi,1,1
Visual impairment,37311638,efi,1,1
Visual impairment,436976,efi,1,1
Visual impairment,4047917,efi,1,1
Visual impairment,4023310,efi,1,1
Visual impairment,380505,efi,1,1
Visual impairment,4070182,efi,1,1
Visual impairment,4195046,efi,1,1
Visual impairment,44790881,efi,1,1
Visual impairment,40302072,efi,1,1
Visual impairment,4221344,efi,1,1
Visual impairment,44790913,efi,1,1
Visual impairment,4146453,efi,1,1
Visual impairment,4199963,efi,1,1
Visual impairment,40322856,efi,1,1
Visual impairment,4230656,efi,1,1
Visual impairment,381295,efi,1,1
Visual impairment,4319588,efi,1,1
Visual impairment,434638,efi,1,1
Visual impairment,376117,efi,1,1
Visual impairment,374034,efi,1,1
Visual impairment,4224741,efi,1,1
Visual impairment,40381115,efi,1,1
Visual impairment,4109424,efi,1,1
Visual impairment,439297,efi,1,1
Visual impairment,45757798,efi,1,1
Visual impairment,4196122,efi,1,1
Visual impairment,4109548,efi,1,1
Visual impairment,432895,efi,1,1
Visual impairment,4146103,efi,1,1
Visual impairment,40386507,efi,1,1
Visual impairment,4210432,efi,1,1
Visual impairment,4105178,efi,1,1
Visual impairment,44812315,efi,1,1
Visual impairment,435810,efi,1,1
Visual impairment,372905,efi,1,1
Visual impairment,4070183,efi,1,1
Visual impairment,373769,efi,1,1
Visual impairment,4197734,efi,1,1
Visual impairment,4338894,efi,1,1
Visual impairment,4195050,efi,1,1
Visual impairment,4335592,efi,1,1
Visual impairment,4339013,efi,1,1
Visual impairment,4148278,efi,1,1
Visual impairment,4335607,efi,1,1
Visual impairment,4042550,efi,1,1
Visual impairment,40358176,efi,1,1
Visual impairment,4186542,efi,1,1
Visual impairment,4047918,efi,1,1
Visual impairment,373786,efi,1,1
Visual impairment,4016895,efi,1,1
Visual impairment,4103579,efi,1,1
Visual impairment,4208200,efi,1,1
Visual impairment,4084691,efi,1,1
Visual impairment,253482,efi,1,1
Visual impairment,373785,efi,1,1
Visual impairment,377290,efi,1,1
Visual impairment,4077250,efi,1,1
Visual impairment,255711,efi,1,1
Visual impairment,4078543,efi,1,1
Visual impairment,379811,efi,1,1
Visual impairment,4081643,efi,1,1
Visual impairment,375545,efi,1,1
Visual impairment,375807,efi,1,1
Visual impairment,377286,efi,1,1
Visual impairment,4083482,efi,1,1
Visual impairment,376966,efi,1,1
Visual impairment,372624,efi,1,1
Visual impairment,372906,efi,1,1
Visual impairment,4265433,efi,1,1
Visual impairment,433471,efi,1,1
Visual impairment,4164639,efi,1,1
Visual impairment,4223463,efi,1,1
Visual impairment,4195990,efi,1,1
Visual impairment,372907,efi,1,1
Visual impairment,376401,efi,1,1
Visual impairment,44790784,efi,1,1
Visual impairment,373770,efi,1,1
Visual impairment,4152554,efi,1,1
Visual impairment,4083487,efi,1,1
Visual impairment,4082287,efi,1,1
Visual impairment,4109544,efi,1,1
Visual impairment,4025941,efi,1,1
Visual impairment,4147703,efi,1,1
Visual impairment,4194748,efi,1,1
Visual impairment,4195988,efi,1,1
Visual impairment,4198685,efi,1,1
Visual impairment,312622,efi,1,1
Visual impairment,377280,efi,1,1
Visual impairment,35626071,efi,1,1
Visual impairment,380097,efi,1,1
Visual impairment,377864,efi,1,1
Visual impairment,35624214,efi,1,1
Visual impairment,4082621,efi,1,1
Visual impairment,4090251,efi,1,1
Visual impairment,372315,efi,1,1
Visual impairment,4290333,efi,1,1
Visual impairment,4131325,efi,1,1
Visual impairment,4164640,efi,1,1
Visual impairment,35626072,efi,1,1
Visual impairment,375538,efi,1,1
Visual impairment,40384756,efi,1,1
Visual impairment,438749,efi,1,1
Visual impairment,4088106,efi,1,1
Visual impairment,40384752,efi,1,1
Visual impairment,372629,efi,1,1
Visual impairment,4221495,efi,1,1
Visual impairment,4339014,efi,1,1
Visual impairment,4152403,efi,1,1
Visual impairment,377551,efi,1,1
Visual impairment,4194749,efi,1,1
Visual impairment,4208223,efi,1,1
Visual impairment,4212435,efi,1,1
Visual impairment,376979,efi,1,1
Visual impairment,4335998,efi,1,1
Visual impairment,4317977,efi,1,1
Visual impairment,377285,efi,1,1
Visual impairment,4111101,efi,1,1
Visual impairment,44812346,efi,1,1
Visual impairment,40487893,efi,1,1
Visual impairment,4231849,efi,1,1
Visual impairment,40386117,efi,1,1
Visual impairment,40392093,efi,1,1
Visual impairment,4266041,efi,1,1
Visual impairment,4199646,efi,1,1
Visual impairment,44797518,efi,1,1
Visual impairment,377570,efi,1,1
Visual impairment,377274,efi,1,1
Visual impairment,4059197,efi,1,1
Visual impairment,4102251,efi,1,1
Visual impairment,4090259,efi,1,1
Visual impairment,373487,efi,1,1
Visual impairment,4196123,efi,1,1
Visual impairment,4090261,efi,1,1
Visual impairment,4025939,efi,1,1
Visual impairment,376399,efi,1,1
Visual impairment,376973,efi,1,1
Weight loss and anorexia,4091029,efi,1,1
Weight loss and anorexia,4309406,efi,1,1
Weight loss and anorexia,40478919,efi,1,1
Weight loss and anorexia,4275273,efi,1,1
Weight loss and anorexia,4058570,efi,1,1
Weight loss and anorexia,4229881,efi,1,1
Weight loss and anorexia,4268890,efi,1,1
Weight loss and anorexia,442165,efi,1,1
Weight loss and anorexia,44788734,efi,1,1
Weight loss and anorexia,4204347,efi,1,1
Weight loss and anorexia,435928,efi,1,1
Weight loss and anorexia,40491502,efi,1,1